{"x": 170.6755828857422, "y": 84.39881134033203, "z": 1.6868069171905518, "pitch": -0.3625912368297577, "yaw": -90.01083374023438, "roll": 0.0, "road_id": "79", "x_dp": -102.69818115234375, "y_dp": 0.3546273708343506, "z_dp": 1.5, "pitch_dp": 360.0, "yaw_dp": 0.29461669921875, "roll_dp": 0.0, "road_id_dp": "62"}