{"x": -120.2696533203125, "y": 41.27110290527344, "z": 1.5, "pitch": 0.0, "yaw": 134.67684936523438, "roll": 0.0, "road_id": "44", "x_dp": -58.350830078125, "y_dp": -139.52239990234375, "z_dp": 1.5, "pitch_dp": 0.0, "yaw_dp": -178.77273559570312, "roll_dp": 0.0, "road_id_dp": "19"}