{"x": 349.591064453125, "y": -1.9985930919647217, "z": 1.5, "pitch": 0.0, "yaw": -179.96954345703125, "roll": 0.0, "road_id": "0", "x_dp": 92.37322998046875, "y_dp": 21.239696502685547, "z_dp": 1.5, "pitch_dp": 360.0, "yaw_dp": 269.99127197265625, "roll_dp": 0.0, "road_id_dp": "21"}