{"x": -6.250861167907715, "y": 93.60533905029297, "z": 1.5, "pitch": 0.0, "yaw": 89.63745880126953, "roll": 0.0, "road_id": "30", "x_dp": 64.8857650756836, "y_dp": 64.4809799194336, "z_dp": 1.5, "pitch_dp": 0.0, "yaw_dp": 64.89124298095703, "roll_dp": 0.0, "road_id_dp": "60"}