{"x": 32.40556716918945, "y": 3.5848755836486816, "z": 1.4820863008499146, "pitch": 359.844970703125, "yaw": 359.829833984375, "roll": 0.0, "road_id": "46", "x_dp": 19.445743560791016, "y_dp": 0.3800000846385956, "z_dp": 1.5, "pitch_dp": 0.0, "yaw_dp": -90.0, "roll_dp": 0.0, "road_id_dp": "35"}