{"x": 86.18910217285156, "y": -182.34014892578125, "z": 1.3692492246627808, "pitch": 359.8600158691406, "yaw": 270.153564453125, "roll": 0.0, "road_id": "41", "x_dp": -23.945743560791016, "y_dp": 0.37999993562698364, "z_dp": 1.5, "pitch_dp": 0.0, "yaw_dp": 90.0, "roll_dp": 0.0, "road_id_dp": "12"}