{"x": 83.71842193603516, "y": -92.02423095703125, "z": 9.5, "pitch": 360.0, "yaw": 272.02410888671875, "roll": 0.0, "road_id": "42", "x_dp": 205.09786987304688, "y_dp": 9.584375381469727, "z_dp": 1.5, "pitch_dp": 360.0, "yaw_dp": 0.855804443359375, "roll_dp": 0.0, "road_id_dp": "6"}