{"x": 136.7448272705078, "y": 62.4752197265625, "z": 1.5, "pitch": 360.0, "yaw": 359.85260009765625, "roll": 0.0, "road_id": "51", "x_dp": 237.15365600585938, "y_dp": -83.66300201416016, "z_dp": 1.5, "pitch_dp": 0.0, "yaw_dp": 91.39320373535156, "roll_dp": 0.0, "road_id_dp": "65"}