{"x": -145.4943084716797, "y": -26.765552520751953, "z": 1.5, "pitch": 360.0, "yaw": 270.02984619140625, "roll": 0.0, "road_id": "20", "x_dp": 138.5827178955078, "y_dp": -72.24676513671875, "z_dp": 9.5, "pitch_dp": 0.0, "yaw_dp": -178.49090576171875, "roll_dp": 0.0, "road_id_dp": "59"}